<?xml version='1.0' encoding='utf-8'?>
<!DOCTYPE hibernate-configuration PUBLIC
        "-//Hibernate/Hibernate Configuration DTD 3.0//EN"
        "http://hibernate.sourceforge.net/hibernate-configuration-3.0.dtd">
  
<hibernate-configuration>
    <session-factory>
        <!-- Database connection settings -->
		       
        <property name="connection.driver_class">org.postgresql.Driver</property>
        <property name="connection.url">jdbc:postgresql://localhost:5432/PLATO</property>
        <property name="connection.username">root</property>
        <property name="connection.password">srm123</property>
        <property name="hibernate.default_schema">contentmanagement</property> 
        <property name="connection.pool_size">1</property>
        <property name="dialect">org.hibernate.dialect.PostgreSQLDialect</property>
        <property name="current_session_context_class">thread</property>
        <property name="cache.provider_class">org.hibernate.cache.NoCacheProvider</property>
        <property name="show_sql">true</property>
        <property name="hbm2ddl.auto">update</property>
  
    <mapping class="main.java.com.contentmanagement.digitalLibrary.entity.cm_content_type"/>
    <mapping class="main.java.com.contentmanagement.digitalLibrary.entity.cm_digital_library_course"/>
    <mapping class="main.java.com.contentmanagement.digitalLibrary.entity.cm_digital_library_program_course"/>
    <mapping class="main.java.com.contentmanagement.digitalLibrary.entity.cm_student_content_download"/>
    <mapping class="main.java.com.contentmanagement.digitalLibrary.entity.cm_system_info"/>
    
          
    </session-factory>
</hibernate-configuration>